interval_start,interval_end,interval_seconds,cpu_percent,pss_timestamp,pss_mib
2026-09-30T22:58:40.305+07:00,2026-09-30T22:58:41.306+07:00,1.000996,0.1902,2026-09-30T22:58:41.308+07:00,5.1406
2026-09-30T22:58:41.306+07:00,2026-09-30T22:58:42.308+07:00,1.001805,0.1696,2026-09-30T22:58:42.310+07:00,5.1406
2026-09-30T22:58:42.308+07:00,2026-09-30T22:58:43.310+07:00,1.001932,0.1410,2026-09-30T22:58:43.312+07:00,5.1406
2026-09-30T22:58:43.310+07:00,2026-09-30T22:58:44.312+07:00,1.001986,0.1359,2026-09-30T22:58:44.314+07:00,5.1406
2026-09-30T22:58:44.312+07:00,2026-09-30T22:58:45.314+07:00,1.002011,0.1829,2026-09-30T22:58:45.316+07:00,5.1406
2026-09-30T22:58:45.314+07:00,2026-09-30T22:58:46.316+07:00,1.001877,0.1913,2026-09-30T22:58:46.317+07:00,5.1406
2026-09-30T22:58:46.316+07:00,2026-09-30T22:58:47.317+07:00,1.001430,1.4494,2026-09-30T22:58:47.318+07:00,6.9336
2026-09-30T22:58:47.317+07:00,2026-09-30T22:58:48.318+07:00,1.001075,2.5916,2026-09-30T22:58:48.319+07:00,6.9336
2026-09-30T22:58:48.318+07:00,2026-09-30T22:58:49.320+07:00,1.001389,2.6211,2026-09-30T22:58:49.321+07:00,6.9336
2026-09-30T22:58:49.320+07:00,2026-09-30T22:58:50.321+07:00,1.001412,3.0231,2026-09-30T22:58:50.322+07:00,6.9336
2026-09-30T22:58:50.321+07:00,2026-09-30T22:58:51.322+07:00,1.001075,2.9145,2026-09-30T22:58:51.323+07:00,6.9336
2026-09-30T22:58:51.322+07:00,2026-09-30T22:58:52.324+07:00,1.001327,2.7652,2026-09-30T22:58:52.325+07:00,6.9336
2026-09-30T22:58:52.324+07:00,2026-09-30T22:58:53.325+07:00,1.001530,2.8346,2026-09-30T22:58:53.326+07:00,6.9336
2026-09-30T22:58:53.325+07:00,2026-09-30T22:58:54.327+07:00,1.001587,2.7076,2026-09-30T22:58:54.328+07:00,6.9336
2026-09-30T22:58:54.327+07:00,2026-09-30T22:58:55.328+07:00,1.001687,3.0274,2026-09-30T22:58:55.329+07:00,6.9336
2026-09-30T22:58:55.328+07:00,2026-09-30T22:58:56.330+07:00,1.001366,2.6304,2026-09-30T22:58:56.331+07:00,6.9336
2026-09-30T22:58:56.330+07:00,2026-09-30T22:58:57.331+07:00,1.001304,2.9634,2026-09-30T22:58:57.332+07:00,6.9336
2026-09-30T22:58:57.331+07:00,2026-09-30T22:58:58.332+07:00,1.001060,2.4886,2026-09-30T22:58:58.333+07:00,6.9336
2026-09-30T22:58:58.332+07:00,2026-09-30T22:58:59.334+07:00,1.001293,2.6499,2026-09-30T22:58:59.334+07:00,6.9336
2026-09-30T22:58:59.334+07:00,2026-09-30T22:59:00.335+07:00,1.001437,2.6679,2026-09-30T22:59:00.336+07:00,6.9336
2026-09-30T22:59:00.335+07:00,2026-09-30T22:59:01.336+07:00,1.001383,2.8569,2026-09-30T22:59:01.337+07:00,6.9336
2026-09-30T22:59:01.336+07:00,2026-09-30T22:59:02.337+07:00,1.000884,2.5294,2026-09-30T22:59:02.338+07:00,6.9336
2026-09-30T22:59:02.337+07:00,2026-09-30T22:59:03.339+07:00,1.001448,2.8637,2026-09-30T22:59:03.340+07:00,6.9336
2026-09-30T22:59:03.339+07:00,2026-09-30T22:59:04.340+07:00,1.001360,2.7501,2026-09-30T22:59:04.341+07:00,6.9336
2026-09-30T22:59:04.340+07:00,2026-09-30T22:59:05.342+07:00,1.001775,2.6956,2026-09-30T22:59:05.343+07:00,6.9336
2026-09-30T22:59:05.342+07:00,2026-09-30T22:59:06.344+07:00,1.001905,2.7448,2026-09-30T22:59:06.344+07:00,6.9336
2026-09-30T22:59:06.344+07:00,2026-09-30T22:59:07.345+07:00,1.001008,2.8312,2026-09-30T22:59:07.345+07:00,6.9336
2026-09-30T22:59:07.345+07:00,2026-09-30T22:59:08.346+07:00,1.001292,2.7399,2026-09-30T22:59:08.347+07:00,6.9336
2026-09-30T22:59:08.346+07:00,2026-09-30T22:59:09.348+07:00,1.001603,2.9673,2026-09-30T22:59:09.348+07:00,6.9336
2026-09-30T22:59:09.348+07:00,2026-09-30T22:59:10.349+07:00,1.001236,3.2381,2026-09-30T22:59:10.350+07:00,6.9336
2026-09-30T22:59:10.349+07:00,2026-09-30T22:59:11.350+07:00,1.001416,2.7796,2026-09-30T22:59:11.351+07:00,6.9336
2026-09-30T22:59:11.350+07:00,2026-09-30T22:59:12.352+07:00,1.001379,2.8749,2026-09-30T22:59:12.353+07:00,6.9375
2026-09-30T22:59:12.352+07:00,2026-09-30T22:59:13.353+07:00,1.001534,2.5774,2026-09-30T22:59:13.354+07:00,6.9375
2026-09-30T22:59:13.353+07:00,2026-09-30T22:59:14.355+07:00,1.001486,2.6691,2026-09-30T22:59:14.356+07:00,6.9375
2026-09-30T22:59:14.355+07:00,2026-09-30T22:59:15.356+07:00,1.001815,3.3332,2026-09-30T22:59:15.358+07:00,6.9375
2026-09-30T22:59:15.356+07:00,2026-09-30T22:59:16.358+07:00,1.001923,2.7814,2026-09-30T22:59:16.359+07:00,6.9375
2026-09-30T22:59:16.358+07:00,2026-09-30T22:59:17.368+07:00,1.009564,3.0442,2026-09-30T22:59:17.369+07:00,6.9375
2026-09-30T22:59:17.368+07:00,2026-09-30T22:59:18.369+07:00,1.001347,3.3426,2026-09-30T22:59:18.370+07:00,6.9375
2026-09-30T22:59:18.369+07:00,2026-09-30T22:59:19.371+07:00,1.001211,2.7494,2026-09-30T22:59:19.371+07:00,6.9375
2026-09-30T22:59:19.371+07:00,2026-09-30T22:59:20.372+07:00,1.001297,2.9119,2026-09-30T22:59:20.373+07:00,6.9375
2026-09-30T22:59:20.372+07:00,2026-09-30T22:59:21.373+07:00,1.001358,2.9049,2026-09-30T22:59:21.374+07:00,6.9375
2026-09-30T22:59:21.373+07:00,2026-09-30T22:59:22.374+07:00,1.001042,2.5262,2026-09-30T22:59:22.375+07:00,6.9375
2026-09-30T22:59:22.374+07:00,2026-09-30T22:59:23.376+07:00,1.001313,2.4735,2026-09-30T22:59:23.376+07:00,6.9375
2026-09-30T22:59:23.376+07:00,2026-09-30T22:59:24.377+07:00,1.001270,2.7289,2026-09-30T22:59:24.378+07:00,6.9375
2026-09-30T22:59:24.377+07:00,2026-09-30T22:59:25.378+07:00,1.001189,2.7960,2026-09-30T22:59:25.379+07:00,6.9375
2026-09-30T22:59:25.378+07:00,2026-09-30T22:59:26.379+07:00,1.001208,2.5228,2026-09-30T22:59:26.380+07:00,6.9453
2026-09-30T22:59:26.379+07:00,2026-09-30T22:59:27.380+07:00,1.000864,2.6082,2026-09-30T22:59:27.381+07:00,6.9453
2026-09-30T22:59:27.380+07:00,2026-09-30T22:59:28.381+07:00,1.001385,2.4062,2026-09-30T22:59:28.382+07:00,6.9453
2026-09-30T22:59:28.381+07:00,2026-09-30T22:59:29.383+07:00,1.001146,2.5261,2026-09-30T22:59:29.384+07:00,6.9453
2026-09-30T22:59:29.383+07:00,2026-09-30T22:59:30.384+07:00,1.001257,2.7368,2026-09-30T22:59:30.385+07:00,6.9453
2026-09-30T22:59:30.384+07:00,2026-09-30T22:59:31.385+07:00,1.001236,2.6943,2026-09-30T22:59:31.386+07:00,6.9453
2026-09-30T22:59:31.385+07:00,2026-09-30T22:59:32.386+07:00,1.001061,2.6877,2026-09-30T22:59:32.387+07:00,6.9453
2026-09-30T22:59:32.386+07:00,2026-09-30T22:59:33.387+07:00,1.001078,2.7208,2026-09-30T22:59:33.388+07:00,6.9453
2026-09-30T22:59:33.387+07:00,2026-09-30T22:59:34.388+07:00,1.001255,2.7777,2026-09-30T22:59:34.389+07:00,6.9453
2026-09-30T22:59:34.388+07:00,2026-09-30T22:59:35.390+07:00,1.001471,2.9729,2026-09-30T22:59:35.391+07:00,6.9453
2026-09-30T22:59:35.390+07:00,2026-09-30T22:59:36.391+07:00,1.001287,2.8271,2026-09-30T22:59:36.392+07:00,6.9453
2026-09-30T22:59:36.391+07:00,2026-09-30T22:59:37.393+07:00,1.001313,2.5110,2026-09-30T22:59:37.393+07:00,6.9453
2026-09-30T22:59:37.393+07:00,2026-09-30T22:59:38.394+07:00,1.001185,2.9552,2026-09-30T22:59:38.395+07:00,6.9453
2026-09-30T22:59:38.394+07:00,2026-09-30T22:59:39.395+07:00,1.001455,2.7348,2026-09-30T22:59:39.396+07:00,6.9453
2026-09-30T22:59:39.395+07:00,2026-09-30T22:59:40.396+07:00,1.001255,2.6316,2026-09-30T22:59:40.397+07:00,6.9453
2026-09-30T22:59:40.396+07:00,2026-09-30T22:59:41.398+07:00,1.001075,2.7461,2026-09-30T22:59:41.398+07:00,6.9453
2026-09-30T22:59:41.398+07:00,2026-09-30T22:59:42.399+07:00,1.001159,2.6220,2026-09-30T22:59:42.400+07:00,6.9453
2026-09-30T22:59:42.399+07:00,2026-09-30T22:59:43.400+07:00,1.001277,2.6339,2026-09-30T22:59:43.401+07:00,6.9453
2026-09-30T22:59:43.400+07:00,2026-09-30T22:59:44.401+07:00,1.001219,2.5972,2026-09-30T22:59:44.402+07:00,6.9453
2026-09-30T22:59:44.401+07:00,2026-09-30T22:59:45.402+07:00,1.001242,2.7598,2026-09-30T22:59:45.403+07:00,6.9453
2026-09-30T22:59:45.402+07:00,2026-09-30T22:59:46.404+07:00,1.001273,2.7712,2026-09-30T22:59:46.405+07:00,6.9453
2026-09-30T22:59:46.404+07:00,2026-09-30T22:59:47.405+07:00,1.001266,2.5108,2026-09-30T22:59:47.406+07:00,6.9453
2026-09-30T22:59:47.405+07:00,2026-09-30T22:59:48.406+07:00,1.001231,2.5009,2026-09-30T22:59:48.408+07:00,6.9453
2026-09-30T22:59:48.406+07:00,2026-09-30T22:59:49.408+07:00,1.001753,2.9961,2026-09-30T22:59:49.409+07:00,6.9531
2026-09-30T22:59:49.408+07:00,2026-09-30T22:59:50.409+07:00,1.001280,2.7742,2026-09-30T22:59:50.410+07:00,6.9531
2026-09-30T22:59:50.409+07:00,2026-09-30T22:59:51.411+07:00,1.001485,2.5749,2026-09-30T22:59:51.412+07:00,6.9531
2026-09-30T22:59:51.411+07:00,2026-09-30T22:59:52.412+07:00,1.001329,2.5948,2026-09-30T22:59:52.413+07:00,6.9609
2026-09-30T22:59:52.412+07:00,2026-09-30T22:59:53.422+07:00,1.009837,2.7418,2026-09-30T22:59:53.423+07:00,6.9609
2026-09-30T22:59:53.422+07:00,2026-09-30T22:59:54.423+07:00,1.001446,2.8632,2026-09-30T22:59:54.425+07:00,6.9609
2026-09-30T22:59:54.423+07:00,2026-09-30T22:59:55.425+07:00,1.001676,2.7520,2026-09-30T22:59:55.426+07:00,6.9609
2026-09-30T22:59:55.425+07:00,2026-09-30T22:59:56.426+07:00,1.001158,2.5906,2026-09-30T22:59:56.427+07:00,6.9609
2026-09-30T22:59:56.426+07:00,2026-09-30T22:59:57.427+07:00,1.001187,2.5789,2026-09-30T22:59:57.428+07:00,6.9609
2026-09-30T22:59:57.427+07:00,2026-09-30T22:59:58.429+07:00,1.001282,2.5915,2026-09-30T22:59:58.429+07:00,6.9609
2026-09-30T22:59:58.429+07:00,2026-09-30T22:59:59.430+07:00,1.001046,2.7154,2026-09-30T22:59:59.431+07:00,6.9609
2026-09-30T22:59:59.430+07:00,2026-09-30T23:00:00.431+07:00,1.001327,3.0368,2026-09-30T23:00:00.432+07:00,6.9609
2026-09-30T23:00:00.431+07:00,2026-09-30T23:00:01.432+07:00,1.001126,2.6216,2026-09-30T23:00:01.434+07:00,6.9609
2026-09-30T23:00:01.432+07:00,2026-09-30T23:00:02.435+07:00,1.002450,2.1951,2026-09-30T23:00:02.436+07:00,6.9609
2026-09-30T23:00:02.435+07:00,2026-09-30T23:00:03.436+07:00,1.001881,2.4440,2026-09-30T23:00:03.437+07:00,6.9609
2026-09-30T23:00:03.436+07:00,2026-09-30T23:00:04.438+07:00,1.001126,2.3990,2026-09-30T23:00:04.438+07:00,6.9609
2026-09-30T23:00:04.438+07:00,2026-09-30T23:00:05.439+07:00,1.001129,2.6642,2026-09-30T23:00:05.440+07:00,6.9609
2026-09-30T23:00:05.439+07:00,2026-09-30T23:00:06.440+07:00,1.001288,3.1806,2026-09-30T23:00:06.441+07:00,6.9609
2026-09-30T23:00:06.440+07:00,2026-09-30T23:00:07.441+07:00,1.001203,2.5117,2026-09-30T23:00:07.442+07:00,6.9648
2026-09-30T23:00:07.441+07:00,2026-09-30T23:00:08.443+07:00,1.001540,2.8686,2026-09-30T23:00:08.444+07:00,6.9648
2026-09-30T23:00:08.443+07:00,2026-09-30T23:00:09.444+07:00,1.001214,2.7088,2026-09-30T23:00:09.445+07:00,6.9648
2026-09-30T23:00:09.444+07:00,2026-09-30T23:00:10.445+07:00,1.001187,2.2327,2026-09-30T23:00:10.446+07:00,6.9648
2026-09-30T23:00:10.445+07:00,2026-09-30T23:00:11.447+07:00,1.001418,2.3162,2026-09-30T23:00:11.448+07:00,6.9648
2026-09-30T23:00:11.447+07:00,2026-09-30T23:00:12.449+07:00,1.002119,2.8485,2026-09-30T23:00:12.450+07:00,6.9648
2026-09-30T23:00:12.449+07:00,2026-09-30T23:00:13.450+07:00,1.001444,3.0069,2026-09-30T23:00:13.452+07:00,6.9648
2026-09-30T23:00:13.450+07:00,2026-09-30T23:00:14.452+07:00,1.001914,2.9623,2026-09-30T23:00:14.454+07:00,6.9648
2026-09-30T23:00:14.452+07:00,2026-09-30T23:00:15.454+07:00,1.001816,2.6837,2026-09-30T23:00:15.455+07:00,6.9648
2026-09-30T23:00:15.454+07:00,2026-09-30T23:00:16.455+07:00,1.001235,2.5518,2026-09-30T23:00:16.456+07:00,6.9648
2026-09-30T23:00:16.455+07:00,2026-09-30T23:00:17.457+07:00,1.001444,0.9563,2026-09-30T23:00:17.458+07:00,6.9648
2026-09-30T23:00:17.457+07:00,2026-09-30T23:00:18.458+07:00,1.001427,0.1548,2026-09-30T23:00:18.459+07:00,6.9648
2026-09-30T23:00:18.458+07:00,2026-09-30T23:00:19.460+07:00,1.001891,0.1758,2026-09-30T23:00:19.461+07:00,6.9648
2026-09-30T23:00:19.460+07:00,2026-09-30T23:00:20.462+07:00,1.002014,0.1787,2026-09-30T23:00:20.463+07:00,6.9648
2026-09-30T23:00:20.462+07:00,2026-09-30T23:00:21.464+07:00,1.001887,0.1799,2026-09-30T23:00:21.464+07:00,6.9648
2026-09-30T23:00:21.464+07:00,2026-09-30T23:00:22.465+07:00,1.001066,0.1628,2026-09-30T23:00:22.466+07:00,6.9648
2026-09-30T23:00:22.465+07:00,2026-09-30T23:00:23.466+07:00,1.001185,0.1178,2026-09-30T23:00:23.467+07:00,6.9648
2026-09-30T23:00:23.466+07:00,2026-09-30T23:00:24.467+07:00,1.001200,0.1664,2026-09-30T23:00:24.468+07:00,6.9648
